Accession,ProteinDescriptions,Gene Name,MW [KDa],Qvalue,Cscore,CI-1,CI-2,CI-3,CI-4,HE-1,HE-2,HE-3,HE-4
A0A075B6H7,Probable non-functional immunoglobulin kappa variable 3-7,IGKV3-7,12.78349,0.0005997489752,0.8488889,7679891.5,9249926,5541038.5,4391158.5,4996178,5063465,3696557.5,3624020.25
A0A075B6H9,Immunoglobulin lambda variable 4-69,IGLV4-69,12.77326,0.0005997489752,0.852402,597341.9375,457823.25,673024.125,554226.1875,504760.5,481138.03125,245190,251996.09375
A0A075B6I4,Immunoglobulin lambda variable 10-54,IGLV10-54,12.39485,0.0009767138167,0.815036,64430.84375,58958.55078125,47590.6484375,29168.357421875,22836.375,17720.662109375,,
A0A075B6I9,Immunoglobulin lambda variable 7-46,IGLV7-46,12.46806,0.0005997489752,0.8485636,1362990.125,1334242.75,1315182.875,1086338.75,931605.875,969133.1875,955170.25,880579
A0A075B6K4,Immunoglobulin lambda variable 3-10,IGLV3-10,12.44085,0.0009157425605,0.8187553,2714936.75,1559148.5,1132281.625,955899.625,1026060.1875,1624935.75,2262839.5,854942.1875
A0A075B6Q5,Immunoglobulin heavy variable 3-64,IGHV3-64,12.89068,0.0009738577388,0.8153875,66824.828125,1709263.625,66945.25,13865.23046875,34804.7109375,46190.3984375,28461.703125,30710.12109375
A0A075B6R9,Probable non-functional immunoglobulin kappa variable 2D-24,IGKV2D-24,13.07893,0.0006029866576,0.8442554,186955.109375,148298.5625,273815.71875,219888.359375,235085.796875,300833.90625,100232.90625,77690.2421875
A0A075B6S5,Immunoglobulin kappa variable 1-27,IGKV1-27,12.71151,0.0009907547265,0.8139855,68664.203125,77500.5859375,57729.7578125,63248.30859375,89657.3515625,61514.515625,36797.1796875,33983.3828125
A0A075B6S6,Immunoglobulin kappa variable 2D-30,IGKV2D-30,13.21499,0.001552392654,0.7902346,11308.693359375,11379.4775390625,3676.224609375,,15079.0634765625,14573.0390625,7817.7275390625,6822.91943359375
A0A087WSX0,Immunoglobulin lambda variable 5-45,IGLV5-45,13.16178,0.005937674679,0.7410223,7764.8271484375,9259.5341796875,5983.57568359375,,18476.974609375,19949.796875,8473.123046875,6379.20166015625
A0A087WSY6,Immunoglobulin kappa variable 3D-15,IGKV3D-15,12.53423,0.0005997489752,0.8659388,155077.640625,162638.953125,80015.953125,70026.5390625,183928.34375,162406.75,124862.6171875,103461.5546875
A0A087WW87,Immunoglobulin kappa variable 2-40,IGKV2-40,13.31011,0.006790161121,0.7365195,133584.171875,221452.953125,,,52420.96875,63715.95703125,17777.419921875,
A0A0A0MRZ8,Immunoglobulin kappa variable 3D-11,IGKV3D-11,12.62524,0.000609631474,0.8413032,4177451.5,4208579.5,2356735,2678616.25,2730654.25,2919908,2134283,1802509.75
A0A0A0MS15,Immunoglobulin heavy variable 3-49,IGHV3-49,13.05593,0.0005997489752,0.8699797,113196.421875,113483.75,81914.3203125,76843.3671875,90964.8984375,80893.7578125,35957.76171875,32467.376953125
A0A0A0MT36,Immunoglobulin kappa variable 6D-21,IGKV6D-21,12.33989,0.004041519268,0.7543759,,,,,5013.36474609375,5377.70068359375,1465.3779296875,
A0A0A0MT89,Immunoglobulin kappa joining 1,IGKJ1,1.3936,0.001795057245,0.7843172,304384.3125,365407.125,181068.234375,169340.109375,115075.8359375,115466.5390625,87358.09375,129622.609375
A0A0B4J1U7,Immunoglobulin heavy variable 6-1,IGHV6-1,13.48128,0.0006185477239,0.8400944,449904.75,426081.25,8505901,7215837,4728979.5,5272260.5,2243110.25,943978.5625
A0A0B4J1V0,Immunoglobulin heavy variable 3-15,IGHV3-15,12.92578,0.00110166926,0.8081449,77304.7421875,69516.5390625,70760.859375,52867.30078125,38489.984375,38016.1796875,38323.29296875,28445.548828125
A0A0B4J1V2,Immunoglobulin heavy variable 2-26,IGHV2-26,13.18226,0.001683336749,0.7864231,48013.3671875,49385.046875,,823.516357421875,18573.0625,85882.6171875,46079.7890625,11133.1435546875
A0A0B4J1X5,Immunoglobulin heavy variable 3-74,IGHV3-74,12.83961,0.0006215152036,0.8383757,4986219.5,5142623.5,1175323.5,1022447.875,2047204.125,2212537.75,1341490.25,1076667.875
A0A0B4J1Y8,Immunoglobulin lambda variable 9-49,IGLV9-49,13.02367,0.0006702638277,0.8349078,384891.46875,436387.15625,349901.125,319572.3125,364891.46875,380821.5,155092.40625,127017.2578125
A0A0B4J1Y9,Immunoglobulin heavy variable 3-72,IGHV3-72,13.20293,0.000609631474,0.8420485,8467883,7775825.5,6806246.5,5475992.5,4959958,5242753,4185339.75,3491284
A0A0B4J2D9,Immunoglobulin kappa variable 1D-13,IGKV1D-13,12.56929,0.0006700692938,0.8351862,,16899.892578125,,19406.69140625,222695.46875,242480.984375,17670.17578125,20872.90625
A0A0B4J2H0,Immunoglobulin heavy variable 1-69D,IGHV1-69D,12.66032,0.0007021321936,0.8329586,4424010,175125.34375,3808291,6083147.5,2144078.25,9648.150390625,2494064.5,2023380.375
A0A0C4DH29,Immunoglobulin heavy variable 1-3,IGHV1-3,13.00772,0.00071536204,0.830819,327599,295498.75,213025.046875,182848.6875,157004.515625,182764.9375,87501.5703125,74441
A0A0C4DH31,Immunoglobulin heavy variable 1-18,IGHV1-18,12.82043,0.0009157425605,0.818863,174841.703125,276700.4375,135828.609375,160796.3125,120127.203125,206541.5,92898.40625,76295.5625
A0A0C4DH33,Immunoglobulin heavy variable 1-24,IGHV1-24,12.82448,0.001129024471,0.806626,48653.43359375,27351.24609375,27702.943359375,16893.732421875,4732.333984375,6878.2236328125,9092.7509765625,6887.3466796875
A0A0C4DH34,Immunoglobulin heavy variable 4-28,IGHV4-28,13.12406,0.0007158049185,0.8306416,924347.8125,1081022.375,504952.40625,334132.0625,979108,1071400.25,472244.46875,479288.71875
A0A0C4DH35,Probable non-functional immunoglobulin heavy variable 3-35,IGHV3-35,12.81043,0.0009111608247,0.8192775,1183209.625,944710.0625,570980.75,473451.15625,646587.9375,688788.1875,430775.3125,411209.46875
A0A0C4DH36,Probable non-functional immunoglobulin heavy variable 3-38,IGHV3-38,12.75854,0.0009524303223,0.8165151,189618.4375,187923.078125,67360.828125,69459.8046875,132239.328125,152109.265625,129875.875,91666.3828125
A0A0C4DH38,Immunoglobulin heavy variable 5-51,IGHV5-51,12.67455,0.0005997489752,0.8473567,127809.1953125,150186.9375,116379.8125,94488.75,98013.09375,66506.59375,117510.890625,103904.9375
A0A0C4DH67,Immunoglobulin kappa variable 1-8,IGKV1-8,12.53731,0.003626717698,0.7587349,83704.1796875,104956.890625,75528.953125,73611.625,66797.03125,65059.6875,64346.70703125,37211.22265625
A0A0C4DH73,Immunoglobulin kappa variable 1-12,IGKV1-12,12.64536,0.0008934920927,0.8202482,261015.53125,193291.5625,123080.0078125,91296.671875,189140.59375,401320.09375,96971.2734375,143284
A0A0J9YX35,Immunoglobulin heavy variable 3-64D,IGHV3-64D,12.82257,0.0008126512698,0.8239247,515574.71875,310912.375,348099.5625,325802.46875,152619.078125,103109.6875,191483.65625,173171.78125
A0A0J9YXX1,Immunoglobulin heavy variable 5-10-1,IGHV5-10-1,12.77257,0.0005997489752,0.8513755,1640390.75,1555847.625,243737.53125,147545.953125,101105.0625,111418.7109375,612744.6875,561265.5625
A2NJV5,Immunoglobulin kappa variable 2-29,IGKV2-29,13.08504,0.0006215152036,0.8390081,6422275.5,6264727,7214017.5,5580732,6205232.5,7040337.5,3445880.5,2541522.5
O00187,Mannan-binding lectin serine protease 2,MASP2,75.70236,0.0006215152036,0.8384585,240103.0625,219511.65625,166975,131249.8125,116490.34375,211465.125,148359.28125,128200.8125
O00391,Sulfhydryl oxidase 1,QSOX1,82.57773,0.003020400257,0.7668615,13905.970703125,3396.091796875,4832.47900390625,1652.22729492188,27831.59375,35340.48046875,9397.759765625,13307.0517578125
O00533,Neural cell adhesion molecule L1-like protein,CHL1,135.07147,0.0007054606917,0.8325554,45599.484375,54463.1796875,31814.11328125,20824.37890625,32868.33984375,23972.234375,49839.5390625,34236.5546875
O14786,Neuropilin-1,NRP1,103.13434,0.001592402175,0.7886708,10608.9150390625,11215.607421875,13520.09765625,6208.1845703125,12897.474609375,8727.669921875,5895.814453125,5563.0009765625
O14791,Apolipoprotein L1,APOL1,43.9742,0.0005997489752,0.8495176,2210016.25,2315892,2290929,1699400.625,1705287.125,1807764,2079740.875,1809372.875
O43157,Plexin-B1,PLXNB1,232.29766,0.002176047049,0.7779497,3937.88134765625,8317.9970703125,,3614.38940429688,4765.68017578125,3840.78833007813,,4994.16259765625
O43866,CD5 antigen-like,CD5L,38.08779,0.0005997489752,0.8501562,4417941,5335752,1184227.5,866954.75,4973689,5505518,1477296.875,1321375.375
O43895,Xaa-Pro aminopeptidase 2,XPNPEP2,75.62481,0.005565016289,0.7433915,,122465.4765625,,,2227.36474609375,2749.68383789063,,
O75023,Leukocyte immunoglobulin-like receptor subfamily B member 5,LILRB5,64.12595,0.003232382309,0.7642301,,2018.02893066406,,,704.97998046875,,1845.64086914063,
O75144,ICOS ligand,ICOSLG,33.34883,0.00074062669,0.8278183,64879.78125,63351.8125,40743.6875,35122.9453125,40645.8671875,45677.515625,42686.14453125,45507.421875
O75460,Serine/threonine-protein kinase/endoribonuclease IRE1,ERN1,109.73502,0.0006982254182,0.8332493,1659304.875,1232363.25,2197962.5,1791241.625,717892.375,654816.375,1230837.75,1598931.5
O75636,Ficolin-3,FCN3,32.90298,0.0006215152036,0.8388313,1400986.75,1395693.625,982046.4375,716855.875,907644.5,1119524.25,814176.3125,760846.1875
O75882,Attractin,ATRN,158.53687,0.0005997489752,0.8478295,693155.125,887620.4375,702249.5,454923.625,554877.75,656489.375,529560.0625,703995.1875
O95445,Apolipoprotein M,APOM,21.25329,0.000609631474,0.8411805,3406336.75,3229369.5,2735772.75,2062161,2936845.5,3142617.5,3309267.5,2885345.25
O95497,Pantetheinase,VNN1,57.01167,0.004606012121,0.7495169,6137.52783203125,6570.826171875,,,,,5820.6279296875,6413.4453125
O95803,Bifunctional heparan sulfate N-deacetylase/N-sulfotransferase 3,NDST3,100.90203,0.000651876494,0.8364609,30153.11328125,28945.322265625,12798.0927734375,7683.91064453125,5628.16650390625,15449.80859375,17047.3125,17548.19921875
P00325,All-trans-retinol dehydrogenase [NAD(+)] ADH1B,ADH1B,39.85451,0.009662918477,0.7215763,,,,,886.303283691406,2111.42163085938,1666.23229980469,1131.46069335938
P00450,Ceruloplasmin,CP,122.20518,0.0005997489752,0.8732913,17834674,19421084,16407160,13594622,10470573,11364826,7406099,8620524
P00451,Coagulation factor VIII,F8,267.00938,0.004198338874,0.75295,,,6227.0888671875,,1259.03063964844,,4650.74560546875,
P00488,Coagulation factor XIII A chain,F13A1,83.26729,0.0005997489752,0.8489612,108938.578125,118561.171875,72555.21875,261365.0625,33046.28125,57569.23046875,109891.1171875,58474.078125
P00734,Prothrombin,F2,70.03686,0.0005997489752,0.8555813,7436616.5,5897468,6931629,5062388,6453211.5,6675494,4694549,5203335.5
P00736,Complement C1r subcomponent,C1R,80.11854,0.0005997489752,0.8535913,2073568.75,1380588.125,1944596.125,1863395.125,1115003.25,1192790.5,1158756.625,1108884.375
P00738,Haptoglobin,HP,45.2053,0.0005997489752,0.8797312,279384512,210865840,234562560,195004304,135267584,115247080,188151584,195186544
P00739,Haptoglobin-related protein,HPR,39.02956,0.0007108781844,0.8319058,2056548.125,2461004,1682984.875,1305008.25,903546.5,950292.0625,1454106.5,1350094.75
P00740,Coagulation factor IX,F9,51.77843,0.0005997489752,0.850756,402251.96875,349363.34375,396995.15625,361181.5,291076.5,364657.9375,367517.0625,330286.9375
P00742,Coagulation factor X,F10,54.73169,0.0006084075258,0.8428643,666797,546382.75,462974.125,421836.6875,565758.375,661606.4375,614940.5625,592868.8125
P00747,Plasminogen,PLG,90.56898,0.0005997489752,0.8512056,3055616.5,1350059.25,2776315.5,1555312.5,2611142,3330932.75,2337408,2002469.25
P00748,Coagulation factor XII,F12,67.79209,0.0006029866576,0.8447784,726180.0625,691910.625,594990.75,497141.59375,1070335.875,1260139.75,403476.03125,482627.96875
P00751,Complement factor B,CFB,85.53287,0.0005997489752,0.8622975,11388140,12133204,9347876,8966104,7149943.5,7954511,9847412,9076456
P00915,Carbonic anhydrase 1,CA1,28.8702,0.0006417572208,0.8370066,35432.66015625,53225.5703125,10625.45703125,31155.564453125,14389.642578125,31748.3203125,29545.775390625,99057.4296875
P01008,Antithrombin-III,SERPINC1,52.60243,0.0005997489752,0.8713616,10281968,12672930,10063716,9940330,8716581,9878279,8554052,8854998
P01009,Alpha-1-antitrypsin,SERPINA1,46.73655,0.0005997489752,0.8639216,167329216,187204288,133340376,143463136,106855328,98196960,115085848,114261944
P01011,Alpha-1-antichymotrypsin,SERPINA3,47.65086,0.0005997489752,0.8685276,45079580,50658436,45765352,41092980,32547640,33130048,39827084,38990344
P01019,Angiotensinogen,AGT,53.15419,0.0005997489752,0.8614396,6128167,4498495,6023551.5,4140128.75,5461170,5209981.5,5577511,4796785.5
P01023,Alpha-2-macroglobulin,A2M,163.29099,0.0005997489752,0.8797312,144786128,151208192,78006312,68262848,96751696,104059456,118524696,118209400
P01024,Complement C3,C3,187.14806,0.0005997489752,0.8797312,118467216,99647040,118398264,88208504,73195960,89033600,82400192,100566608
P01031,Complement C5,C5,188.30529,0.0005997489752,0.8676303,1843984.625,2201258.25,2189007.75,1397394.875,1398308.5,1685935.25,1446430,1482385.625
P01042,Kininogen-1,KNG1,71.95737,0.0005997489752,0.8797312,25737632,24049678,21579902,18144990,14753369,16257022,18562540,20361928
P01591,Immunoglobulin J chain,JCHAIN,18.09858,0.0005997489752,0.8765497,8152016.5,9104558,6641971,5551506,9007639,10227711,3565746.75,3553100.5
P01593,Immunoglobulin kappa variable 1D-33,IGKV1D-33,12.84847,0.0006317470751,0.8375505,805273,406546.21875,240444.484375,200974.984375,278728.34375,266285.15625,179606.140625,313503.03125
P01597,Immunoglobulin kappa variable 1-39,IGKV1-39,12.73746,0.0006702638277,0.8349497,100206.5625,124307.890625,128200.8203125,94018.375,93680.203125,101050,43075.6640625,59036.1953125
P01599,Immunoglobulin kappa variable 1-17,IGKV1-17,12.77852,0.0006029882458,0.8438273,123829.3671875,113118.5546875,63165.1640625,45388.78125,123129.2265625,128029.171875,110320.875,65809.71875
P01601,Immunoglobulin kappa variable 1D-16,IGKV1D-16,12.73044,0.0008126512698,0.8238446,61742.5234375,56514.62890625,408220.28125,306136.28125,36233.72265625,38263.77734375,23575.515625,18314.052734375
P01602,Immunoglobulin kappa variable 1-5,IGKV1-5,12.78155,0.0007305893264,0.8291454,154053.484375,130932.8671875,64483.46875,48598.98046875,156965.6875,172548.859375,83993.59375,80285.8671875
P01619,Immunoglobulin kappa variable 3-20,IGKV3-20,12.55711,0.0005997489752,0.8641616,4522522,6863021,2361133,1937366.625,3720321.75,3905324.25,2425791.5,2006283.75
P01699,Immunoglobulin lambda variable 1-44,IGLV1-44,12.20144,0.0006045566974,0.8434646,388482.9375,343353.625,212619.75,216181.625,229876.765625,270014.65625,422709.5,295289.4375
P01700,Immunoglobulin lambda variable 1-47,IGLV1-47,12.28358,0.0005997489752,0.8469418,2266303.25,2203904,2736553.5,2064534.25,2463605.5,2852332.5,1802490.375,1703442.875
P01701,Immunoglobulin lambda variable 1-51,IGLV1-51,12.24868,0.0008424215932,0.8225258,696844.125,769104.75,475353.46875,343557.8125,181811.34375,43093.37109375,285331.71875,335852.375
P01703,Immunoglobulin lambda variable 1-40,IGLV1-40,12.3016,0.001114526303,0.8074947,383030.125,4122405,150006.546875,133561.421875,208941.71875,214407.96875,46636.4609375,159347.671875
P01706,Immunoglobulin lambda variable 2-11,IGLV2-11,12.64401,0.0005997489752,0.8682091,702855.5,646093.8125,119900.3359375,54151.31640625,423853.65625,494096.28125,66937.96875,63396.7421875
P01709,Immunoglobulin lambda variable 2-8,IGLV2-8,12.38164,0.0009767138167,0.8149799,539129,535046.3125,127123.6640625,126864.6015625,661088.8125,890360.125,413456.78125,364676.65625
P01714,Immunoglobulin lambda variable 3-19,IGLV3-19,12.04238,0.00074062669,0.8279122,1133512.625,1164049.75,729913,608464.5,569468.4375,616550.75,458900.40625,384412.90625
P01718,Immunoglobulin lambda variable 3-27,IGLV3-27,12.16476,0.0007043511949,0.8327349,727278.0625,822592.4375,892737.3125,1435015.125,438543.9375,429401.4375,389256.1875,407480.65625
P01721,Immunoglobulin lambda variable 6-57,IGLV6-57,12.56572,0.0009310596218,0.8179286,63759.0078125,51206.0546875,139021.90625,78028.8046875,31722.34375,41470.9921875,47571.578125,48849.6484375
P01743,Immunoglobulin heavy variable 1-46,IGHV1-46,12.93268,0.00066438767,0.8358219,154926.59375,148032.75,67886.046875,55991.9375,59193.87890625,75723.8671875,20610.375,22404.19140625
P01764,Immunoglobulin heavy variable 3-23,IGHV3-23,12.58231,0.0007108781844,0.8321279,2553288.75,2153417.75,1363812.125,1244736.75,1535481.25,1778360.375,1889564.875,1561021.25
P01780,Immunoglobulin heavy variable 3-7,IGHV3-7,12.94272,0.000609631474,0.8416585,2392200.75,2322793.5,1493353.25,864590.1875,1795087.25,2014645,1093327.5,986522.9375
P01782,Immunoglobulin heavy variable 3-9,IGHV3-9,12.94474,0.0006029866576,0.845329,874692.875,558411.6875,423844.65625,416100.59375,495731.78125,527547.375,368368.625,386500.5625
P01817,Immunoglobulin heavy variable 2-5,IGHV2-5,13.23131,0.0007108781844,0.8311539,266822.03125,254858.65625,75955.1796875,51479.88671875,44027.14453125,41003.296875,30860.443359375,24107.130859375
P01833,Polymeric immunoglobulin receptor,PIGR,83.28357,0.0007325542856,0.8288026,25702.82421875,33783.390625,36411.28125,35731.9296875,27109.3125,35840.9375,31415.818359375,40474.87890625
P01834,Immunoglobulin kappa constant,IGKC,11.76504,0.0005997489752,0.8523098,90255152,76651816,78577040,49872104,49944928,54830108,33823392,37250636
P01859,Immunoglobulin heavy constant gamma 2,IGHG2,35.90064,0.0005997489752,0.8510665,79920560,77460800,72857368,51547160,45093152,48233244,29775764,18875982
P01860,Immunoglobulin heavy constant gamma 3,IGHG3,41.28695,0.0005997489752,0.8510978,12823395,12198402,53099876,43429796,37481988,38638896,20234726,18172940
P01861,Immunoglobulin heavy constant gamma 4,IGHG4,35.94056,0.0005997489752,0.8547282,3083484,1121292.875,2217700.5,3396605,1721727.875,1653250.625,524493.6875,358466.84375
P01871,Immunoglobulin heavy constant mu,IGHM,49.43974,0.0005997489752,0.8621408,17804970,23556506,2909815.75,2256006.75,21466384,22783618,5831751.5,4973928
P01876,Immunoglobulin heavy constant alpha 1,IGHA1,37.65464,0.0005997489752,0.8688046,180496720,193206192,158649344,135472896,126770600,134880784,113639688,107569816
P01877,Immunoglobulin heavy constant alpha 2,IGHA2,36.59134,0.0007108781844,0.8314399,77995176,88404568,95404808,87818872,139963008,147572512,122058096,108625912
P02042,Hemoglobin subunit delta,HBD,16.05547,0.0005997489752,0.8568394,21897986,28040608,5104469,19628400,6074458.5,16212384,12157936,53956656
P02144,Myoglobin,MB,17.1838,0.006635332362,0.7373384,,,1900.63159179688,,1360.00061035156,,,484.8251953125
P02533,"Keratin, type I cytoskeletal 14",KRT14,51.56146,0.0006029866576,0.8439789,45926.375,81149.7421875,79494.2421875,32475.2734375,77432.4375,60640.7421875,93511.0078125,138631.046875
P02538,"Keratin, type II cytoskeletal 6A",KRT6A,60.04495,0.0006029866576,0.8450913,538295.625,858006.75,1016786.625,478120.59375,661211.9375,477869.78125,943395.5,1939351.875
P02647,Apolipoprotein A-I,APOA1,30.77783,0.0005997489752,0.8636352,234569824,215685424,187142752,150971952,253190176,276245120,230329216,213007504
P02649,Apolipoprotein E,APOE,36.15408,0.0005997489752,0.8564233,5479842,4140058.25,16375116,13199117,5086569.5,6897487.5,8473347,8653084
P02652,Apolipoprotein A-II,APOA2,11.17501,0.0005997489752,0.8478488,136576832,106837656,69622424,52334000,91649720,112514496,74853992,75427776
P02654,Apolipoprotein C-I,APOC1,9.33192,0.0006029866576,0.8443848,899671.125,1478722,2060727.25,974614.8125,2938435,4654276.5,2731393.75,4936334.5
P02655,Apolipoprotein C-II,APOC2,11.28386,0.000609631474,0.8414448,10780585,6299676.5,16586134,11947903,4114587.75,6290077,9957644,11157223
P02656,Apolipoprotein C-III,APOC3,10.8523,0.0005997489752,0.8522525,28073938,9587925,45974024,31146632,17030968,27618926,36477980,43077896
P02671,Fibrinogen alpha chain,FGA,94.97303,0.0005997489752,0.853222,1359082.25,371183.28125,1071646.5,45702944,1239520.375,556999.375,250654.78125,390482.59375
P02675,Fibrinogen beta chain,FGB,55.92815,0.0005997489752,0.8672535,51252.55859375,52791.08984375,42038.16796875,104066248,30316.91796875,33446.09765625,57739,38449.4296875
P02679,Fibrinogen gamma chain,FGG,51.51165,0.0005997489752,0.851123,31913.8203125,29026.70703125,20012.296875,52513512,17067.19921875,15568.73046875,27613.41015625,14789.1279296875
P02730,Band 3 anion transport protein,SLC4A1,101.79232,0.009941577688,0.7198644,17755.65234375,,,9249.3916015625,,3556.30615234375,,1759.41748046875
P02741,C-reactive protein,CRP,25.03857,0.000609631474,0.841639,130412.96875,139216.609375,372311.84375,513789.3125,9511.5419921875,15748.5830078125,90934.90625,186932.921875
P02743,Serum amyloid P-component,APCS,25.38712,0.0006045566974,0.8435029,4963856.5,4597473.5,5314314.5,4547333.5,2140803.25,2937456.5,3719444.5,3835145
P02745,Complement C1q subcomponent subunit A,C1QA,26.01656,0.001323216379,0.7978778,67451.296875,49097.2109375,82765.546875,41464.16796875,49190.36328125,44296.95703125,37251.2421875,34613.26953125
P02746,Complement C1q subcomponent subunit B,C1QB,26.72175,0.0006029866576,0.8454855,5420670.5,3233988,5508298.5,2979101.75,2929823,3070555,2963348.75,2813956.75
P02747,Complement C1q subcomponent subunit C,C1QC,25.77364,0.0005997489752,0.8624454,5388759.5,3462652,6524444,3868926,3331769.25,3483124.25,3572099,3210232.25
P02748,Complement component C9,C9,63.17337,0.0005997489752,0.8702845,4365401.5,6481476.5,5859060,5140248,2482933.25,2603913.75,4696726,5093407
P02749,Beta-2-glycoprotein 1,APOH,38.29815,0.0005997489752,0.8577159,2880502.75,1912405,2751729,1381442.75,1808128.75,2288113.25,2124452.25,1566427.875
P02750,Leucine-rich alpha-2-glycoprotein,LRG1,38.17791,0.0005997489752,0.8797312,5398298,8076549.5,6426532,7197493,2238690.5,2410004.75,3566966.75,3614783
P02751,Fibronectin,FN1,272.32035,0.0005997489752,0.8719103,6017371,8480982,5928148,5653230,6392930.5,5095045,4857906,4815606.5
P02753,Retinol-binding protein 4,RBP4,23.01,0.0005997489752,0.8543445,4501397,4303125.5,4460577,2919211,3093107.5,4786081.5,3038814,3663473.75
P02760,Protein AMBP,AMBP,38.99947,0.0005997489752,0.851141,19169154,20414612,16599706,19152196,15594328,17220568,19008820,16278834
P02763,Alpha-1-acid glycoprotein 1,ORM1,23.51156,0.0005997489752,0.8504903,60807084,55822836,77449000,67860184,33277164,38126656,44839992,51399652
P02765,Alpha-2-HS-glycoprotein,AHSG,39.34073,0.0005997489752,0.8518466,16798754,17769220,11330304,11123026,12048960,13693086,14495172,13701657
P02766,Transthyretin,TTR,15.88702,0.0005997489752,0.8694907,26277938,24431300,23129938,17400724,16105986,25443920,14921634,18843210
P02768,Albumin,ALB,69.36668,0.0005997489752,0.8727269,307966528,156327712,80712984,60576672,109496440,81783992,148583712,81527416
P02774,Vitamin D-binding protein,GC,52.91753,0.0005997489752,0.8797312,34202220,37071644,27395090,25220604,22999028,25747360,26516260,25911358
P02775,Platelet basic protein,PPBP,13.89421,0.003309471909,0.7631447,4637.3828125,226.376770019531,18749.09375,,3783.43408203125,,,
P02776,Platelet factor 4,PF4,10.84494,0.0005997489752,0.8498849,1380593.5,43488.7734375,2478850.25,203991.359375,723533.3125,654276.4375,150335.40625,10231.205078125
P02786,Transferrin receptor protein 1,TFRC,84.87137,0.0005997489752,0.8534232,26957.52734375,32250.7734375,14304.4990234375,7690.91650390625,26451.689453125,27449.50390625,21664.37109375,16308.505859375
P02787,Serotransferrin,TF,77.06389,0.0005997489752,0.8742307,158016720,149790592,117509648,95774312,129859480,144988512,118703616,110047488
P02788,Lactotransferrin,LTF,78.18195,0.001262621436,0.8008018,88653.0703125,62008.484375,29490.65625,13867.7080078125,21401.35546875,23945.6796875,41245.0546875,22973.017578125
P02790,Hemopexin,HPX,51.67637,0.0005997489752,0.8783955,105006992,99862104,101401376,80980056,69325072,82808696,88649904,88866552
P02792,Ferritin light chain,FTL,20.01967,0.001194639188,0.8035369,18683.48046875,44188.62109375,28898.80859375,16114.7197265625,17859.587890625,26869.123046875,22684.45703125,27885.966796875
P03951,Coagulation factor XI,F11,70.10912,0.0008120177739,0.824141,14053.84765625,25901.427734375,36305.35546875,10954.859375,13511.6689453125,19450.701171875,18549.390625,13912.845703125
P03952,Plasma kallikrein,KLKB1,71.36969,0.0005997489752,0.8537129,13903124,11155938,12119929,10282955,6653955,6118366,8974405,9505183
P04003,C4b-binding protein alpha chain,C4BPA,67.03318,0.0005997489752,0.874424,10562529,7333909.5,11819926,7152176,5707619.5,7121467.5,8664660,7417545.5
P04004,Vitronectin,VTN,54.30559,0.0005997489752,0.8537199,25608304,21862526,22403392,21176390,18677640,20855392,23463468,21912228
P04040,Catalase,CAT,59.75617,0.009275613212,0.723761,4679.68994140625,14486.9736328125,22534.078125,,4800.07275390625,35679.453125,4666.52001953125,17653.958984375
P04066,Tissue alpha-L-fucosidase,FUCA1,53.68885,0.000609631474,0.8410592,29725.431640625,20996.302734375,21462.564453125,9002.6240234375,15428.2666015625,31172.17578125,14283.3876953125,18061.173828125
P04070,Vitamin K-dependent protein C,PROC,52.07127,0.000618611052,0.8397288,129918.3671875,94083.1171875,110200.0625,83462.0390625,106627.8984375,125259.3828125,110475.890625,130515.109375
P04114,Apolipoprotein B-100,APOB,515.60472,0.0005997489752,0.8797312,27122562,23501836,20880616,13042187,23768680,24336814,27787588,24619028
P04180,Phosphatidylcholine-sterol acyltransferase,LCAT,49.57792,0.0006029866576,0.8445561,361141.96875,338828.5,438477.84375,305648.3125,331626,411178.46875,424188.5,431506.71875
P04196,Histidine-rich glycoprotein,HRG,59.57832,0.0005997489752,0.8737043,301359.3125,173902.234375,228437.421875,247234.75,89108.0234375,100631.484375,190700,200217.25
P04217,Alpha-1B-glycoprotein,A1BG,54.25351,0.0005997489752,0.8656039,31030364,28130334,25586018,25889410,23763068,23101726,24673660,22837860
P04264,"Keratin, type II cytoskeletal 1",KRT1,66.03873,0.0005997489752,0.8471452,1302699.25,1687487.25,2441126,1015554.5,1913562.625,1351229,2629689.5,4862050
P04275,von Willebrand factor,VWF,309.26451,0.0005997489752,0.8676388,63524.87109375,38317.82421875,78234.9609375,67433.4140625,80028.921875,39052.50390625,48865.51953125,18404.94921875
P04278,Sex hormone-binding globulin,SHBG,43.7792,0.0005997489752,0.8614064,214412.953125,238160.71875,105868.2421875,116489.734375,132092.46875,63360.02734375,115290.1796875,134905.6875
P04406,Glyceraldehyde-3-phosphate dehydrogenase,GAPDH,36.05321,0.003619364177,0.7591442,3404.38208007813,2535.39526367188,5008.8505859375,,3742.49682617188,3836.55834960938,6339.61328125,5132.30419921875
P04430,Immunoglobulin kappa variable 1-16,IGKV1-16,12.61835,0.0005997489752,0.8547155,133029.546875,121751.515625,99935.90625,73556.1640625,104948.734375,108254.46875,105232.125,102808.75
P04908,Histone H2A type 1-B/E,H2AC4,14.13549,0.00303012307,0.7666416,25150.720703125,11308.431640625,20466.873046875,12812.826171875,11938.5439453125,29138.681640625,11998.3203125,6751.630859375
P05062,Fructose-bisphosphate aldolase B,ALDOB,39.47302,0.003441473143,0.7613589,14099.466796875,58687.46484375,2088.3984375,,3612.20385742188,16506.470703125,5652.88671875,13872.400390625
P05090,Apolipoprotein D,APOD,21.27555,0.0005997489752,0.8624476,12884598,11917608,6970786,4581308,5927795.5,6505596,8403096,8584096
P05109,Protein S100-A8,S100A8,10.83451,0.00112820615,0.8068148,,7069.08935546875,42377.6015625,28447.248046875,23133.2578125,10999.375,7832.138671875,29846.7265625
P05154,Plasma serine protease inhibitor,SERPINA5,45.67467,0.0005997489752,0.846399,48469.0546875,23516.2109375,82191.0390625,70563.78125,56024.3515625,82181.4375,36362.1171875,47423.19921875
P05155,Plasma protease C1 inhibitor,SERPING1,55.15418,0.0005997489752,0.8629569,31974620,35792844,29997540,21858190,18424656,21588870,29492554,28725154
P05156,Complement factor I,CFI,65.75025,0.0005997489752,0.851953,478619.6875,388809.75,707886.875,230844.71875,486623.96875,524683.75,508508.5625,440372.5
P05160,Coagulation factor XIII B chain,F13B,75.51067,0.0006029866576,0.845432,335683.40625,333374.34375,352743.03125,293388.125,221986.5625,278290,282683.09375,206324.09375
P05362,Intercellular adhesion molecule 1,ICAM1,57.82522,0.0006768162353,0.8342402,60361.73046875,72536.8671875,34452.9453125,26149.19140625,15227.79296875,16904.9609375,28226.130859375,26714.8671875
P05452,Tetranectin,CLEC3B,22.53681,0.0005997489752,0.8538319,998428.25,970165.1875,725956.5,607672.9375,712425.5,843420.5,586652.875,675558.1875
P05543,Thyroxine-binding globulin,SERPINA7,46.3245,0.0005997489752,0.8572583,1138518.875,1303717.125,933779.875,850394.875,943234.4375,876202.4375,968323.875,1002229.3125
P05546,Heparin cofactor 2,SERPIND1,57.0706,0.0005997489752,0.8614981,10897882,9107874,8896781,7943685,5954161,6812623.5,7153207.5,7323284
P05556,Integrin beta-1,ITGB1,88.41527,0.000954321067,0.816295,15484.5341796875,19424.900390625,4944.49365234375,9156.615234375,11282.8935546875,7314.5625,16405.775390625,14937
P06276,Cholinesterase,BCHE,68.41805,0.0005997489752,0.8578773,376204.75,461704.4375,357035.5625,225616.5625,236179.75,270604,295767.9375,371829
P06312,Immunoglobulin kappa variable 4-1,IGKV4-1,13.38004,0.0005997489752,0.8618865,788456.25,713901.875,336125.8125,247683.296875,634417.875,688790.9375,399525.71875,328797.6875
P06331,Immunoglobulin heavy variable 4-34,IGHV4-34,13.81486,0.0007223834473,0.8298736,2802464.5,3740797.5,2300144.5,1319497.375,2451058.25,2396057.25,1631541.625,1532433.625
P06396,Gelsolin,GSN,85.69751,0.0005997489752,0.858693,1432077.875,1523416.625,916188.875,1880372,1012131,1289187.375,930284.1875,747019.5625
P06681,Complement C2,C2,83.26783,0.0005997489752,0.8569256,933769.875,976979.6875,812191.625,406047.65625,520421.625,623796.9375,671424,619723.3125
P06702,Protein S100-A9,S100A9,13.24199,0.0006650639454,0.8355227,31398.06640625,25513.24609375,46574.05859375,40909.42578125,28944.296875,25390.015625,26165.1953125,49611.38671875
P06727,Apolipoprotein A-IV,APOA4,45.37203,0.0005997489752,0.8569717,17933490,17910654,11692542,7915082,16690203,17122096,20139700,22635860
P07195,L-lactate dehydrogenase B chain,LDHB,36.63848,0.003625312533,0.7589642,16417.794921875,14839.0908203125,16505.158203125,12478.294921875,11346.7021484375,17505.423828125,14148.96875,14709.7353515625
P07225,Vitamin K-dependent protein S,PROS1,75.12259,0.0005997489752,0.8645046,2691386.5,2288116.75,2263682.75,1575782.75,1625822.375,1817529.875,2106520,1974248
P07237,Protein disulfide-isomerase,P4HB,57.11636,0.002210934424,0.7772035,10240.998046875,4845.6181640625,4626.6533203125,4413.416015625,2226.0986328125,3281.88720703125,6502.0673828125,7288.50927734375
P07333,Macrophage colony-stimulating factor 1 receptor,CSF1R,107.98375,0.0005997489752,0.8648974,108568.0390625,69062.671875,45948.140625,63895.5234375,45288.609375,47229.33203125,53192.12109375,29085.935546875
P07339,Cathepsin D,CTSD,44.55222,0.001584272603,0.7891546,19636.4375,26033.42578125,19918.41796875,15370.1025390625,21909.466796875,21297.48046875,31721.75,34663.44921875
P07357,Complement component C8 alpha chain,C8A,65.1632,0.0006084075258,0.8425554,459365.6875,482090.28125,698587.5,568137.4375,453249.78125,478476.46875,511105.21875,436583.53125
P07358,Complement component C8 beta chain,C8B,67.04687,0.0005997489752,0.8506999,297176.09375,412435.65625,492802.84375,400743.3125,406970.59375,422787.78125,440625.78125,414686.96875
P07359,Platelet glycoprotein Ib alpha chain,GP1BA,71.54003,0.000618611052,0.8397787,51012.4296875,99527.84375,212332.015625,90608.7421875,93845.8984375,88557.0859375,92251.8046875,114706.515625
P07360,Complement component C8 gamma chain,C8G,22.27746,0.000609631474,0.842036,318197.5625,265542.25,338383.03125,281330.15625,303346.25,317140.90625,363090.71875,300230.0625
P07602,Prosaposin,PSAP,58.11264,0.005638867561,0.7428475,,581.803771972656,7588.2890625,186.940689086914,2297.138671875,782.581481933594,9167.2861328125,5558.0712890625
P07737,Profilin-1,PFN1,15.05423,0.0007840723415,0.825528,4835.24609375,6629.2919921875,7676.49609375,68014.5859375,3264.0126953125,3946.1669921875,2454.70654296875,6621.166015625
P07988,Pulmonary surfactant-associated protein B,SFTPB,42.11714,0.002927492895,0.7680423,19446.634765625,28941,6890.30517578125,,3795.14916992188,,9849.7861328125,6624.5966796875
P07996,Thrombospondin-1,THBS1,129.38266,0.0006185477239,0.8403449,189520.234375,10119.7255859375,265980.5625,50816.703125,122941,82544.3203125,24868.751953125,7800.98828125
P08185,Corticosteroid-binding globulin,SERPINA6,45.14087,0.0005997489752,0.8572559,3600707.25,4113522.25,2899594.5,2248747.75,2275824.5,2791532.75,2831284.25,2827295
P08195,4F2 cell-surface antigen heavy chain,SLC3A2,67.994,0.0005997489752,0.8487816,13848.71875,20363.55078125,7961.0615234375,6901.45703125,9974.078125,10834.6455078125,9576.599609375,9689.607421875
P08253,72 kDa type IV collagenase,MMP2,73.8823,0.003992557818,0.7549114,4776.21533203125,6762.63916015625,,2982.42944335938,2711.29174804688,3127.55444335938,4316.8232421875,5129.9033203125
P08519,Apolipoprotein(a),LPA,501.31913,0.0006215152036,0.8386531,719161.6875,1498411.5,621223.9375,587637.3125,220491.734375,240922.078125,856382.5625,711738.5625
P08571,Monocyte differentiation antigen CD14,CD14,40.0762,0.0005997489752,0.8708013,360048.25,503681.75,360732.03125,281344.6875,250165.46875,271840.90625,280541.6875,236269.875
P08603,Complement factor H,CFH,139.09631,0.0005997489752,0.8652357,5001646,4303844,5483445,2872638.5,4235500.5,4950875.5,4581509,3586439.75
P08697,Alpha-2-antiplasmin,SERPINF2,54.56576,0.0005997489752,0.8526316,5693104,7566013.5,4542394,5818664,4053174,6418743,5390829.5,6329062
P08709,Coagulation factor VII,F7,51.59385,0.0005997489752,0.8571168,43892.34375,26103.50390625,48921.2890625,37454.09375,39936.41796875,49221.9765625,43339.09375,54398.5078125
P08779,"Keratin, type I cytoskeletal 16",KRT16,51.26782,0.0009157425605,0.8186682,15846.75,37809.04296875,28832.96875,9785.16015625,19892.330078125,21005.515625,28202.103515625,21945.861328125
P09172,Dopamine beta-hydroxylase,DBH,69.06498,0.0006215152036,0.8387667,99997.3125,121952.0625,25914.576171875,26141.82421875,7870.98828125,9294.841796875,17754.0625,21041.31640625
P09871,Complement C1s subcomponent,C1S,76.68443,0.0005997489752,0.8549514,3133650.75,2206696,3068820.75,2903680.5,1745058.75,1867168.875,1846897.875,1708605.75
P0C0L4,Complement C4-A,C4A,192.78548,0.0005997489752,0.8797312,22113422,24660746,34918320,29693976,14049853,15807361,14491430,17242748
P0C0L5,Complement C4-B,C4B,192.75145,0.0005997489752,0.8531345,4891837,5375106.5,5608766,4846376,3514862,3822831.5,3448651.25,3730709.25
P0CG47,Polyubiquitin-B,UBB,25.76164,0.003292121797,0.7634502,22469.53515625,20127.103515625,17560.7578125,24376.640625,15655.494140625,20334.322265625,12290.609375,30660.8125
P0DJI9,Serum amyloid A-2 protein,SAA2,13.52709,0.001401452055,0.7949526,10512.1962890625,12501.6796875,25873.060546875,64351.578125,6030.134765625,,6647.79541015625,10078.3857421875
P0DOX2,Immunoglobulin alpha-2 heavy chain,,48.93417,0.0005997489752,0.8588474,130997752,190405072,102318544,118255856,115016784,124944464,105625456,70457104
P0DOX3,Immunoglobulin delta heavy chain,,56.22432,0.0005997489752,0.8467637,232372.0625,399462.28125,588275.6875,553643.125,698686.9375,758336.9375,950443.3125,915276.125
P0DOX5,Immunoglobulin gamma-1 heavy chain,,49.3288,0.0005997489752,0.8521357,119477080,110217752,107536752,82448160,71903280,76548640,45186844,31888940
P0DOX6,Immunoglobulin mu heavy chain,,63.48589,0.0005997489752,0.8765669,35550760,44307860,6563936,5391541.5,43093244,46847180,11497503,10111047
P0DOX7,Immunoglobulin kappa light chain,,23.37907,0.0005997489752,0.8535596,28688838,37933556,42112120,32323136,24339370,25731164,22508670,15284783
P0DOX8,Immunoglobulin lambda-1 light chain,,22.83017,0.0006215152036,0.838645,21751448,17517522,16521410,13314384,11183359,10468410,10806975,9535225
P0DOY3,Immunoglobulin lambda constant 3,IGLC3,11.26555,0.0005997489752,0.8647902,95019728,92552520,72531304,57519976,56148940,56731844,44975360,41549840
P0DP01,Immunoglobulin heavy variable 1-8,IGHV1-8,12.99165,0.002670471012,0.7711704,9776.7275390625,6889.400390625,7599.96923828125,4805.80810546875,29790.623046875,21311.529296875,4837.298828125,5072.44921875
P10643,Complement component C7,C7,93.51823,0.0005997489752,0.8463958,1161112.75,1204438.125,965461.9375,663843.125,666811.875,707578.4375,703870.0625,597663.6875
P10909,Clusterin,CLU,52.49457,0.0005997489752,0.8671277,11000882,9127582,10238366,7937534.5,6794684.5,8664763,7564250,10409708
P11226,Mannose-binding protein C,MBL2,26.14353,0.001392972865,0.7953332,8889.400390625,13325.5029296875,7296.5361328125,5976.3291015625,18409.376953125,21629.759765625,,
P11279,Lysosome-associated membrane glycoprotein 1,LAMP1,44.88235,0.004591334714,0.7497696,8020.853515625,,5340.4462890625,3632.13940429688,5312.31640625,8645.525390625,5722.8486328125,6290.1474609375
P11597,Cholesteryl ester transfer protein,CETP,54.75621,0.0009388190372,0.8173366,21756.134765625,26945.87890625,41517.859375,18647.158203125,26258.625,28156.57421875,20952.134765625,19901.17578125
P12109,Collagen alpha-1(VI) chain,COL6A1,108.52939,0.001194639188,0.8036166,12671.5732421875,19795.97265625,5501.84716796875,5892.39501953125,3592.53662109375,5092.91796875,9328.29296875,11836.1865234375
P12111,Collagen alpha-3(VI) chain,COL6A3,343.66937,0.002630233602,0.7717518,12851.5595703125,42948.47265625,1422.39624023438,395.525756835938,1666.66748046875,100791.40625,54483.8046875,1597.03833007813
P12259,Coagulation factor V,F5,251.70342,0.0006029866576,0.8443123,84104.984375,98958.46875,108588.921875,109033.828125,94474.3046875,101103.640625,97959.859375,102725.46875
P12821,Angiotensin-converting enzyme,ACE,149.71485,0.005771121595,0.7420584,3668.74633789063,5156.30810546875,,,1042.47094726563,2020.48986816406,1624.72998046875,
P12955,Xaa-Pro dipeptidase,PEPD,54.54817,0.001260185256,0.8010423,15287.296875,21828.599609375,39635.55859375,110239.2890625,56907.37890625,94906.6328125,91266.171875,110109.2734375
P13473,Lysosome-associated membrane glycoprotein 2,LAMP2,44.96073,0.0007269724456,0.8294239,262637.09375,299619.875,97256.5625,133594.109375,86594.2421875,98364.9921875,90171.46875,88741.09375
P13591,Neural cell adhesion molecule 1,NCAM1,94.57416,0.004606012121,0.7494776,35242.609375,30382.73046875,22354.3828125,11825.53125,23668.3671875,13019.9501953125,20720.3125,20782.09765625
P13598,Intercellular adhesion molecule 2,ICAM2,30.65431,0.00481405408,0.7479756,21832.7890625,26569.099609375,22164.037109375,16426.576171875,7135.2080078125,10853.296875,11994.2275390625,24355.990234375
P13645,"Keratin, type I cytoskeletal 10",KRT10,58.82709,0.0005997489752,0.854421,444737,673950.625,910519.5,401966.65625,658231.6875,452010.375,1014809.625,1456659.625
P13647,"Keratin, type II cytoskeletal 5",KRT5,62.37834,0.0007580449966,0.8269774,1,15232.333984375,65036.2109375,20083.828125,62863.5234375,16813.408203125,75925.421875,130603.453125
P13671,Complement component C6,C6,104.78606,0.0005997489752,0.8513164,684706.875,811107.25,919649.1875,662124.625,686960.625,633391.9375,736531.125,724264.25
P13796,Plastin-2,LCP1,70.28839,0.0006650639454,0.8355344,14621.56640625,20225.712890625,14400.1591796875,11136.8388671875,9499.3359375,12677.42578125,12597.6484375,10852.6044921875
P14151,L-selectin,SELL,42.18708,0.001271747086,0.8003335,16280.341796875,24944.615234375,20417.201171875,12052.42578125,39377.171875,32478.57421875,14801.763671875,13446.447265625
P14625,Endoplasmin,HSP90B1,92.46886,0.001008446395,0.8128216,59012.74609375,69764.8125,48213.73828125,45136.14453125,52763.55078125,57324.23046875,54493.5078125,58240.296875
P14923,Junction plakoglobin,JUP,81.74474,0.006453548398,0.7383823,2079.61328125,2721.93725585938,4254.74755859375,681.171691894531,,3175.9306640625,5879.720703125,11296.138671875
P15144,Aminopeptidase N,ANPEP,109.5396,0.001008446395,0.8126937,42211.1015625,66451.34375,50186.7578125,40257.7890625,23827.603515625,36282.4609375,39875.12890625,35304.4765625
P15169,Carboxypeptidase N catalytic chain,CPN1,52.28623,0.000609631474,0.8419195,185888.0625,174873.15625,101931.9921875,84862.1640625,186946.703125,192748.9375,182661.75,176031.921875
P15311,Ezrin,EZR,69.4128,0.003857289687,0.7563617,7260.0625,10964.9091796875,6272.62939453125,14255.896484375,6801.5576171875,11310.0888671875,3795.46118164063,8427.8701171875
P15814,Immunoglobulin lambda-like polypeptide 1,IGLL1,22.96304,0.0006029866576,0.8448107,209360.0625,184429.90625,243888.265625,179171.390625,64436.0703125,71611.78125,64189.7109375,56191.2109375
P15924,Desmoplakin,DSP,331.77389,0.001615913599,0.7878535,1142.78393554688,,4613.302734375,2442.58569335938,5157.4736328125,2710.3388671875,10828.921875,13133.2138671875
P16070,CD44 antigen,CD44,81.53762,0.0009003492852,0.8198396,60506.84765625,107633.9921875,26765.93359375,32253.5859375,57170.7265625,63101.65625,50765.12109375,65820.15625
P17538,Chymotrypsinogen B,CTRB1,27.71277,0.001584272603,0.7890687,13542.0029296875,11661.833984375,2184.98046875,,1882.46960449219,1984.98413085938,3224.0361328125,4557.76220703125
P17936,Insulin-like growth factor-binding protein 3,IGFBP3,31.6742,0.003348986589,0.7625948,367123.625,301407.0625,248979.28125,148867.625,208299.59375,283316.6875,182047.3125,161802.09375
P18428,Lipopolysaccharide-binding protein,LBP,53.38362,0.0005997489752,0.8493577,14286.28125,11797.744140625,16849.185546875,34247.68359375,4948.57666015625,5431.79443359375,9112.935546875,8349.35546875
P19652,Alpha-1-acid glycoprotein 2,ORM2,23.60262,0.0005997489752,0.8519179,10349074,9531956,7601215,5947219.5,6209797.5,7529443,7664510,8251690.5
P19823,Inter-alpha-trypsin inhibitor heavy chain H2,ITIH2,106.46347,0.0005997489752,0.8713437,28269136,29294680,23915642,22191684,22787466,23910102,26777486,27395298
P19827,Inter-alpha-trypsin inhibitor heavy chain H1,ITIH1,101.38912,0.0005997489752,0.8697739,10116992,10159592,10140023,8948266,7526910,8587604,9790648,10363340
P20742,Pregnancy zone protein,PZP,163.86295,0.0005997489752,0.8462949,244481.609375,254369.796875,729686.1875,767691.75,358401.3125,355679.6875,181812.609375,197566.40625
P20851,C4b-binding protein beta chain,C4BPB,28.35744,0.0006084075258,0.8424333,816327.0625,652808.625,932063.9375,524955.8125,496790.53125,576640.375,722228.9375,670274.625
P21817,Ryanodine receptor 1,RYR1,565.17553,0.001840167663,0.7834644,52583.73828125,27982.11328125,19418.0234375,10492.185546875,19356.119140625,13607.111328125,26230.56640625,74708.3203125
P22105,Tenascin-X,TNXB,458.38849,0.0007840723415,0.8255451,16282.484375,23921.623046875,11864.2197265625,11090.8076171875,15229.0068359375,18733.0859375,7347.04541015625,8650.6669921875
P22352,Glutathione peroxidase 3,GPX3,25.55233,0.0005997489752,0.8501748,184350.875,206273.203125,144377.84375,100952.671875,189765.65625,161948.421875,138471.28125,148880.046875
P22792,Carboxypeptidase N subunit 2,CPN2,60.55664,0.0005997489752,0.8513789,1025918.5,905061.4375,622574.75,500450.03125,837756.625,872521.5625,871531,793063.125
P22891,Vitamin K-dependent protein Z,PROZ,44.74389,0.0006317470751,0.8376047,132640.8125,127693.1796875,140918.3125,92063.0546875,34440.40625,38903.54296875,54562.75,46701.0234375
P23083,Immunoglobulin heavy variable 1-2,IGHV1-2,13.08482,0.0007269724456,0.8294424,306474.71875,6159136,236789.015625,3053289.75,158947.34375,172584.8125,2132774.75,1698793.375
P23141,Liver carboxylesterase 1,CES1,62.52107,0.003876293441,0.7560762,,2533.0400390625,4088.69360351563,,,4773.47412109375,559.836486816406,1847.21716308594
P23142,Fibulin-1,FBLN1,77.21405,0.0006215152036,0.8384669,361741.84375,514593.25,222182.828125,282601.875,270047.125,396805.09375,420851.46875,385174.625
P23470,Receptor-type tyrosine-protein phosphatase gamma,PTPRG,162.00347,0.006846209115,0.7360771,58067.1015625,44828.34375,24124.271484375,30613.220703125,22643.138671875,24908.36328125,21354.30859375,33007.0625
P24387,Corticotropin-releasing factor-binding protein,CRHBP,36.14435,0.007920816153,0.7310395,1887.42956542969,1635.88513183594,,,1412.31945800781,2741.56298828125,1887.28784179688,1404.42150878906
P25311,Zinc-alpha-2-glycoprotein,AZGP1,34.25871,0.0005997489752,0.8628706,14249718,14485465,10381941,7298023.5,7646301,9344770,8782627,9799233
P27169,Serum paraoxonase/arylesterase 1,PON1,39.73131,0.0005997489752,0.8545701,7053156,6194454,4833234,3895612,4017826.5,4717228.5,3694324.25,3596487
P27348,14-3-3 protein theta,YWHAQ,27.76424,0.000609631474,0.8409334,7576.068359375,10711.8984375,6846.72509765625,42187.05078125,3699.69653320313,7978.20849609375,5450.1953125,16679.140625
P27487,Dipeptidyl peptidase 4,DPP4,88.27863,0.00119354774,0.8039145,8251.810546875,10642.2333984375,4233.5673828125,5260.6845703125,10274.3544921875,8457.1123046875,8389.2578125,10208.8125
P27918,Properdin,CFP,51.27637,0.0006084075258,0.8426345,264112.125,144224,261466.0625,95107.53125,112480.5390625,109569.4453125,152274.75,140863.140625
P29622,Kallistatin,SERPINA4,48.54196,0.0005997489752,0.8468585,268680.34375,221885.390625,271333.8125,123297.90625,197784.921875,230397.375,239080.3125,238268.984375
P30041,Peroxiredoxin-6,PRDX6,25.03498,0.0009838981606,0.8144025,30882.224609375,26829.8671875,11051.091796875,28860.375,8456.8544921875,33062.77734375,15900.69921875,48355.27734375
P30043,Flavin reductase (NADPH),BLVRB,22.11934,0.001562777328,0.7897672,,1531.11730957031,,2257.54565429688,,,,5278.49951171875
P30044,"Peroxiredoxin-5, mitochondrial",PRDX5,22.08643,0.001535559304,0.7907917,,,,855.79931640625,155354.15625,,,7294.29150390625
P32119,Peroxiredoxin-2,PRDX2,21.89192,0.0006714234936,0.834592,105828.2578125,135679.875,27691.2265625,107544.03125,40990.69140625,76284.5390625,58566.22265625,270188.46875
P33151,Cadherin-5,CDH5,87.52841,0.0007366834061,0.8283438,98039.515625,139865.1875,69111.9453125,72114.1640625,88379.8125,94895.78125,81622.875,78922.4296875
P33908,"Mannosyl-oligosaccharide 1,2-alpha-mannosidase IA",MAN1A1,72.96853,0.0007805102172,0.8259384,39876.6796875,37216.390625,32433.005859375,23440.248046875,22907.548828125,38689.90234375,27220.00390625,32085.06640625
P35443,Thrombospondin-4,THBS4,105.8693,0.001008438611,0.8129945,77967.90625,47590.2578125,30898.763671875,26577.619140625,21261.427734375,36577.56640625,42069.65625,47767.8828125
P35527,"Keratin, type I cytoskeletal 9",KRT9,62.06432,0.0005997489752,0.8651587,341532.4375,334669.34375,653596.5,281748.84375,567302,371648.65625,685697.1875,1294855.625
P35542,Serum amyloid A-4 protein,SAA4,14.74665,0.0006029866576,0.8439899,12326594,10238264,13761343,8305888.5,6783508.5,6283226,9388298,8749632
P35579,Myosin-9,MYH9,226.53224,0.008140431604,0.7299285,,,,4947.04833984375,,,,1
P35858,Insulin-like growth factor-binding protein complex acid labile subunit,IGFALS,66.035,0.0005997489752,0.8577976,525835.375,346969.875,368755.96875,197750.40625,473042.75,566717.5625,405267.03125,379378.90625
P35908,"Keratin, type II cytoskeletal 2 epidermal",KRT2,65.43288,0.0006029866576,0.8442468,137967.390625,232466.015625,283716.21875,125636.0546875,210889.75,121331.25,334187.59375,325544.03125
P36955,Pigment epithelium-derived factor,SERPINF1,46.3122,0.0005997489752,0.8797312,410163.53125,352334.4375,537790.25,442158.53125,260689.671875,335510.9375,367637.75,310856.15625
P41222,Prostaglandin-H2 D-isomerase,PTGDS,21.02882,0.003444372132,0.7612146,54892.87890625,48345.0234375,39127.68359375,20551.0390625,27146.453125,23064.92578125,25723.828125,24222.9609375
P43251,Biotinidase,BTD,61.13291,0.0006029866576,0.8448479,353147.9375,375157.1875,272104.09375,228895.453125,225835.15625,275280.15625,266375.46875,300825.28125
P43652,Afamin,AFM,69.06911,0.0005997489752,0.8565698,2928881.5,3053857.25,2746816.75,1791018,2928651.5,3876767,3122048.75,2835301.25
P48740,Mannan-binding lectin serine protease 1,MASP1,79.24667,0.0005997489752,0.8639523,133876.578125,147497.46875,96533.421875,60102.328125,95525.2578125,138992,100575.3671875,88877.953125
P49908,Selenoprotein P,SELENOP,43.17364,0.0005997489752,0.8481828,179754.484375,140791.625,109395.859375,93230.1015625,98320.421875,109645.765625,81137.7890625,79211.390625
P51512,Matrix metalloproteinase-16,MMP16,69.52147,0.0007309056383,0.829001,451292.09375,283438.75,358488.46875,,548893.875,482240.9375,349517.15625,311356.28125
P51884,Lumican,LUM,38.42901,0.0005997489752,0.8473183,2925419.75,3497005.75,1131206.5,1147105.375,1600670,2176531,2187067,2000754.625
P54108,Cysteine-rich secretory protein 3,CRISP3,27.63028,0.002172783289,0.7781182,49490.1015625,47660.984375,20936.833984375,28606.05078125,21472.58203125,30548.560546875,31277.251953125,31739.310546875
P54802,Alpha-N-acetylglucosaminidase,NAGLU,82.26569,0.006846209115,0.7361363,12544.609375,7651.22705078125,9527.20703125,5247.89990234375,6591.0859375,4413.79931640625,4710.41796875,6765.953125
P55056,Apolipoprotein C-IV,APOC4,14.55304,0.0005997489752,0.8616138,581689.4375,332495.3125,1561867.875,908302.625,247286.21875,459402.0625,556360.375,750082.4375
P55058,Phospholipid transfer protein,PLTP,54.73943,0.0005997489752,0.8533518,178900.421875,202867.53125,161968.6875,91584.046875,158981.828125,189792.03125,158835.578125,172729.640625
P55290,Cadherin-13,CDH13,78.28685,0.001036885182,0.8112767,76794.8046875,78875.34375,31782.013671875,,37765.96484375,41727.3046875,62049.109375,61232.84765625
P56182,Ribosomal RNA processing protein 1 homolog A,RRP1,52.83921,0.003625312533,0.7588602,6355570.5,6888523,5612382,5326509,4397823,3519419,3705813.75,4344997
P60709,"Actin, cytoplasmic 1",ACTB,41.73673,0.0007108781844,0.8313823,96521.21875,158197.40625,88696.96875,999436.5,78318.0078125,112814.9296875,97193.8984375,160241.609375
P61769,Beta-2-microglobulin,B2M,13.71456,0.0008108451511,0.8243234,396108.625,444561.84375,284142.625,262347.8125,205427.515625,273705.03125,193994.6875,167498.03125
P61916,NPC intracellular cholesterol transporter 2,NPC2,16.5702,0.001007365125,0.8131869,3097.50854492188,7230.13916015625,6086.1455078125,2520.3974609375,3717.21997070313,1941.17053222656,3392.92749023438,3425.9404296875
P62805,Histone H4,H4C1,11.36734,0.001936169027,0.781848,11176.9619140625,,6669.8662109375,17098.908203125,7084.3251953125,20309.55078125,6759.06689453125,8686.3037109375
P68871,Hemoglobin subunit beta,HBB,15.9984,0.0005997489752,0.8515328,28875280,32406188,6221533,24304492,6275789.5,17801372,13852254,58051756
P69891,Hemoglobin subunit gamma-1,HBG1,16.14046,0.0005997489752,0.8525313,13167343,15261195,6016871,7794579,2836233.5,6112565.5,5274852.5,25409398
P69892,Hemoglobin subunit gamma-2,HBG2,16.12644,0.001066879419,0.8096464,,,,43358.66015625,,9584.7958984375,91543.0390625,382386.8125
P69905,Hemoglobin subunit alpha,HBA1,15.25754,0.0005997489752,0.848543,22806930,24745494,5267497,19804364,4889009,13650748,10904885,45212744
P78417,Glutathione S-transferase omega-1,GSTO1,27.56585,0.001560438435,0.789936,37702.65625,34580.6328125,4711.4775390625,19660.90625,10860.1796875,22013.642578125,8848.6240234375,24652.888671875
P80108,Phosphatidylinositol-glycan-specific phospholipase D,GPLD1,92.33644,0.0005997489752,0.8623983,637498.125,787470,449957.78125,358169.8125,391909.96875,659034.125,539733,416408.03125
P80748,Immunoglobulin lambda variable 3-21,IGLV3-21,12.44573,0.0007108781844,0.8319648,710953.5,702346.125,700094.25,587670.5625,207930.203125,219208.046875,297716.6875,327988.0625
P98160,Basement membrane-specific heparan sulfate proteoglycan core protein,HSPG2,468.82998,0.006592887242,0.7376284,15636.0283203125,13118.8232421875,2137.9306640625,15379.5625,6344.34228515625,8061.0986328125,3494.32421875,6013.59130859375
Q03591,Complement factor H-related protein 1,CFHR1,37.65056,0.00134453612,0.7969179,12870.1962890625,11004.3349609375,26067.650390625,19909.833984375,32292.845703125,28650.013671875,31298.23046875,32766.79296875
Q04756,Hepatocyte growth factor activator,HGFAC,70.68183,0.0006215152036,0.8392051,134585.296875,124383.59375,107037.328125,78757.2578125,117942.0859375,132274.453125,109038.9140625,124441.03125
Q06033,Inter-alpha-trypsin inhibitor heavy chain H3,ITIH3,99.84923,0.0005997489752,0.8475196,1026746.3125,1789005.5,1454499,1770036.75,1287450.375,1146536.375,2252631.75,2097087.625
Q08380,Galectin-3-binding protein,LGALS3BP,65.331,0.0005997489752,0.8501663,561446.875,378192.5,409401.90625,236213.734375,436436.53125,471713,309144.78125,378796.09375
Q10588,ADP-ribosyl cyclase/cyclic ADP-ribose hydrolase 2,BST1,35.72398,0.001312257149,0.798378,30540.3515625,28638.294921875,18553.9296875,11213.88671875,6959.29052734375,8084.759765625,14516.9140625,18487.34765625
Q12805,EGF-containing fibulin-like extracellular matrix protein 1,EFEMP1,54.64054,0.0005997489752,0.8481426,121642.453125,148196.75,79682.6875,130619.5,73197.8984375,101236.9765625,99649.015625,99169.34375
Q12841,Follistatin-related protein 1,FSTL1,34.98551,0.0009786279864,0.8147569,4049.17431640625,3567.00463867188,6052.013671875,,1849.28271484375,2780.16674804688,3731.95458984375,4117.26171875
Q12860,Contactin-1,CNTN1,113.32041,0.001066879419,0.8096613,128928.6875,143726.203125,48655.2734375,44618.2890625,32294.1171875,35855.21875,33808.875,38503.1640625
Q13093,Platelet-activating factor acetylhydrolase,PLA2G7,50.07742,0.003400827343,0.7619132,6004.62255859375,15017.986328125,13572.556640625,18460.953125,10805.4833984375,9728.5712890625,15336.765625,10404.6982421875
Q13103,Secreted phosphoprotein 24,SPP2,24.33765,0.0005997489752,0.8503722,122304.53125,101176.1796875,58792.56640625,35837.27734375,92245.1484375,107046.3828125,156099.953125,141693.171875
Q13231,Chitotriosidase-1,CHIT1,51.68133,0.0006084075258,0.8430735,67739.5703125,97185.421875,,8750.4296875,,,,
Q13740,CD166 antigen,ALCAM,65.10228,0.0009316192757,0.8177618,6416.09375,9821.904296875,4142.66845703125,,11973.2509765625,12213.2021484375,8642.4365234375,11910.3876953125
Q13790,Apolipoprotein F,APOF,35.39949,0.0005997489752,0.8498709,321264.8125,346961.875,280236.125,167151.859375,158908.234375,184911.6875,229721.703125,236030.28125
Q14126,Desmoglein-2,DSG2,122.29392,0.0009513763067,0.8167026,31598.046875,36604.53125,13405.640625,11982.9716796875,9530.7333984375,10748.447265625,15214.13671875,14142.2138671875
Q14376,UDP-glucose 4-epimerase,GALE,38.28167,0.008596650629,0.7276953,16553.451171875,,1931.38110351563,,,,8004.896484375,3829.24340820313
Q14515,SPARC-like protein 1,SPARCL1,75.20774,0.00134453612,0.797029,8413.857421875,5687.00390625,6166.7548828125,,9042.01953125,7390.9697265625,6539.103515625,5940.16455078125
Q14520,Hyaluronan-binding protein 2,HABP2,62.6717,0.0005997489752,0.8499695,483966.5,440433.3125,458484.21875,438756.5625,408228.625,510745.71875,473261.71875,556163.375
Q14623,Indian hedgehog protein,IHH,45.25067,0.00351932396,0.7603002,,1203.54931640625,,,6713.25,5522.02880859375,7985.55615234375,6608.9052734375
Q14624,Inter-alpha-trypsin inhibitor heavy chain H4,ITIH4,103.35742,0.0005997489752,0.8773755,16478572,14146158,10532238,8770961,9505151,9396721,9466239,8449394
Q15063,Periostin,POSTN,93.31394,0.001601814826,0.7883491,7615.8525390625,13975.7021484375,6640.1298828125,4051.359375,3808.61840820313,7112.650390625,15710.626953125,22650.126953125
Q15166,Serum paraoxonase/lactonase 3,PON3,39.60748,0.0005997489752,0.854399,206004.5,251960.625,128707.84375,85393.828125,329191.75,291530.9375,187955.453125,198097.03125
Q15485,Ficolin-2,FCN2,34.00114,0.0007366834061,0.8282411,104580.7578125,109170.40625,147285.53125,92166.1953125,102331.734375,108594.9921875,54694.1640625,68035.03125
Q15582,Transforming growth factor-beta-induced protein ig-h3,TGFBI,74.6809,0.0007223834473,0.8298782,84751.7109375,89365.390625,54629.921875,40230.75390625,77227.296875,66104.25,63937.1484375,54394.67578125
Q16610,Extracellular matrix protein 1,ECM1,60.67409,0.0007366834061,0.8283215,72415.734375,122781.3359375,56966.74609375,53235.85546875,39167.41015625,55046.48046875,74759.59375,65052.93359375
Q16853,Membrane primary amine oxidase,AOC3,84.6219,0.00221024372,0.777387,17472.83203125,,,,608.457763671875,7508.32080078125,8922.80859375,13937.4267578125
Q5MJ70,Speedy protein A,SPDYA,36.46252,0.002022668008,0.7804649,4104.0595703125,2255.37548828125,5282.68798828125,6391.55517578125,11505.322265625,14428.28125,14873.1455078125,8346.3056640625
Q5T749,Keratinocyte proline-rich protein,KPRP,64.13573,0.009247726164,0.7240335,,,2437.41064453125,,4217.95166015625,1670.89135742188,6973.083984375,17980.91015625
Q6EMK4,Vasorin,VASN,71.71265,0.0007219480184,0.8301555,92138.1953125,116941.984375,81735.9296875,26506.8984375,43093.1796875,32622.025390625,82249.4921875,86579.9140625
Q6GTS8,N-fatty-acyl-amino acid synthase/hydrolase PM20D1,PM20D1,55.74127,0.009153437713,0.7246374,13257.052734375,14354.5322265625,,,,,4071.96459960938,4035.47314453125
Q6UWP8,Suprabasin,SBSN,60.54083,0.001303847939,0.7988017,2131.77392578125,1351.17248535156,1241.71398925781,636.548767089844,2135.5751953125,1044.44128417969,109599.8984375,4596.53759765625
Q6UX71,Plexin domain-containing protein 2,PLXDC2,59.58316,0.001435120998,0.7937527,20481.23046875,40980.29296875,18014.68359375,14789.611328125,17626.365234375,20360.00390625,27330.08984375,39969.35546875
Q6UXB8,Peptidase inhibitor 16,PI16,49.47105,0.002157606884,0.7784801,16446.478515625,20888.19140625,10880.6875,9056.3740234375,7135.51953125,8958.4853515625,13816.33203125,16670.111328125
Q6YHK3,CD109 antigen,CD109,161.68908,0.0007108781844,0.8312194,20643.5859375,24547.412109375,9597.935546875,8533.2080078125,9272.9599609375,12005.85546875,21206.265625,20755.29296875
Q76LX8,A disintegrin and metalloproteinase with thrombospondin motifs 13,ADAMTS13,153.60444,0.001535559304,0.7907394,12813.0576171875,16626.771484375,5489.91845703125,5467.833984375,11518.5234375,16016.2177734375,12392.4833984375,9100.9208984375
Q7Z7M0,Multiple epidermal growth factor-like domains protein 8,MEGF8,303.10031,0.002172783289,0.7780871,1351.61267089844,2402.1123046875,,1048.39636230469,2894.08154296875,3346.83056640625,2891.23193359375,3083.2119140625
Q86UD1,Out at first protein homolog,OAF,30.68828,0.0005997489752,0.857437,5066.611328125,5409.5048828125,5336.23876953125,4743.49365234375,4147.53759765625,5616.3212890625,8914.916015625,10181.85546875
Q86UX7,Fermitin family homolog 3,FERMT3,75.9528,0.004575053659,0.7499802,,,,30008.40625,,1,,771.4453125
Q86VB7,Scavenger receptor cysteine-rich type 1 protein M130,CD163,125.45064,0.001592402175,0.7886947,29161.859375,18033.087890625,11361.01953125,6134.86083984375,7583.57470703125,11643.703125,4725.93603515625,7783.13720703125
Q86YZ3,Hornerin,HRNR,282.38992,0.0007158049185,0.8305361,16877.833984375,12500.2373046875,20708.53125,23313.66796875,25111.228515625,15045.8232421875,21125.7734375,62911.6796875
Q8N8K9,Uncharacterized protein KIAA1958,KIAA1958,79.21221,0.001507313515,0.7917784,166342.515625,175900.15625,43084.44921875,32577.291015625,49807.13671875,54919.96875,56711.10546875,52298.30078125
Q8NBP7,Proprotein convertase subtilisin/kexin type 9,PCSK9,74.28621,0.001412020861,0.794519,29517.55859375,14058.0908203125,12776.4208984375,8529.4658203125,24941.380859375,12819.57421875,10297.0234375,11167.7470703125
Q8WWZ8,Oncoprotein-induced transcript 3 protein,OIT3,60.02183,0.009100285911,0.7250276,14805.51953125,17258.439453125,15228.171875,20950.8671875,,6890.162109375,,11766.4716796875
Q92496,Complement factor H-related protein 4,CFHR4,65.35076,0.001013576246,0.8123419,133554.359375,165238.984375,82941.8828125,58406.51171875,20760.76953125,25377.3046875,28129.869140625,32666.95703125
Q92820,Gamma-glutamyl hydrolase,GGH,35.96437,0.00119354774,0.803894,10799.279296875,20688.263671875,14935.578125,8151.6611328125,16126.9580078125,15295.9599609375,12062.7412109375,28608.10546875
Q92859,Neogenin,NEO1,160.01654,0.005802017891,0.7418099,3159.74365234375,2109.40478515625,1632.04895019531,1093.38891601563,1979.408203125,2297.4521484375,2434.13818359375,2504.63916015625
Q92954,Proteoglycan 4,PRG4,151.06105,0.0006185477239,0.84021,95561.4609375,60889.5,137210.75,98773.078125,72868.6484375,98941.546875,86697.9765625,127788.7265625
Q96IY4,Carboxypeptidase B2,CPB2,48.42425,0.0005997489752,0.8516243,148890.015625,107151.9296875,130543.828125,53644.7109375,110697.828125,131067.28125,109803.46875,82048.8515625
Q96KN2,Beta-Ala-His dipeptidase,CNDP1,56.70608,0.0006714234936,0.8346787,187255.609375,111642.21875,169779.59375,100893.671875,174999.546875,277442.875,142123.125,167420.953125
Q96PD5,N-acetylmuramoyl-L-alanine amidase,PGLYRP2,62.21701,0.0005997489752,0.8759261,1137851,1060506.75,1017331.1875,748243.875,762915.8125,667965.0625,815868.875,726654.5625
Q99784,Noelin,OLFM1,55.34264,0.0007108781844,0.8314895,26443.876953125,24155.26171875,19505.439453125,,11142.3408203125,11330.595703125,22371.318359375,1486.03527832031
Q99996,A-kinase anchor protein 9,AKAP9,452.98718,0.00151816139,0.7913927,20548.8671875,31981.087890625,13155.1591796875,,53539.75,47780.59765625,474.567901611328,
Q9BTY2,Plasma alpha-L-fucosidase,FUCA2,54.06668,0.002413234094,0.7745044,,,2072.84936523438,4764.4990234375,6651.21728515625,6630.79248046875,5015.21142578125,6797.40185546875
Q9BWP8,Collectin-11,COLEC11,28.66537,0.008683070162,0.727172,3661.47729492188,5218.47021484375,,1689.0546875,,,6211.1865234375,9568.90234375
Q9BXR6,Complement factor H-related protein 5,CFHR5,64.4194,0.005565016289,0.7433343,10166.7802734375,13573.490234375,17741.05859375,19231.328125,9561.119140625,11578.7890625,9226.1513671875,5261.5341796875
Q9H9E3,Conserved oligomeric Golgi complex subunit 4,COG4,89.08305,0.00221024372,0.7773056,819948.375,775362.625,542242.8125,281938.6875,589154.625,644115.5,1062019.875,1053123.375
Q9HDC9,Adipocyte plasma membrane-associated protein,APMAP,46.48036,0.0008707673546,0.8212739,42202.07421875,33407.6015625,38081.609375,21059.76953125,25796.744140625,25965.52734375,29046.25,28938.41796875
Q9NQ79,Cartilage acidic protein 1,CRTAC1,71.4207,0.001295335304,0.7992334,63928.390625,67653.875,32464.419921875,29482.171875,37361.22265625,39456.20703125,53098.8359375,39882.3125
Q9NZP8,Complement C1r subcomponent-like protein,C1RL,53.49834,0.0006185477239,0.8400107,180593.640625,129032.7109375,66345.734375,128164.9140625,102435.828125,122477.5,136086.46875,75763.9609375
Q9UGM5,Fetuin-B,FETUB,42.05494,0.0005997489752,0.8568471,290903.46875,261493.640625,263738.84375,266757.34375,185853.0625,273241.4375,237432.5,285895.53125
Q9UHG3,Prenylcysteine oxidase 1,PCYOX1,56.64013,0.0005997489752,0.8547307,54317.984375,40139.40234375,61907.77734375,44433.83203125,34424.89453125,25897.88671875,50599.828125,45516.31640625
Q9UK55,Protein Z-dependent protease inhibitor,SERPINA10,50.70695,0.0005997489752,0.8583879,140557.6875,123626.546875,132267.4375,75091.6953125,75121.6953125,86801.03125,97351.015625,104811.765625
Q9UNN8,Endothelial protein C receptor,PROCR,26.67143,0.0006317470751,0.837689,128585.3046875,119416.28125,91822.703125,56953.33203125,58250.1953125,74387.515625,116234.703125,122538.234375
Q9UNW1,Multiple inositol polyphosphate phosphatase 1,MINPP1,55.05119,0.00128621,0.7996903,16269.8779296875,26067.064453125,16861.16015625,15223.6484375,21746.43359375,21611.689453125,15064.5361328125,29315.3671875
Q9Y490,Talin-1,TLN1,269.76705,0.001062112709,0.8101404,,686.043090820313,1,46236.16015625,,290.281280517578,538.53173828125,1109.572265625
Q9Y5Y7,Lymphatic vessel endothelial hyaluronic acid receptor 1,LYVE1,35.21343,0.0007108781844,0.8311325,56229.86328125,60046.26953125,52918.1484375,50111.16015625,60309.75390625,65004.44140625,68654.9453125,90909.5
Q9Y646,Carboxypeptidase Q,CPQ,51.88756,0.001601814826,0.7882526,10768.7294921875,10485.162109375,2759.13354492188,3613.04272460938,5375.921875,6244.70751953125,5775.49365234375,3442.513671875
Q9Y6R7,IgGFc-binding protein,FCGBP,572.01667,0.0006084075258,0.8424226,47625.14453125,56257.671875,27162.876953125,19024.59375,40993.671875,60712.25390625,51820.953125,52462.65234375